{
  "project_info": {
    "project_number": "69919427385",
    "firebase_url": "https://certamensusana-default-rtdb.firebaseio.com",
    "project_id": "certamensusana",
    "storage_bucket": "certamensusana.firebasestorage.app"
  },
  "client": [
    {
      "client_info": {
        "mobilesdk_app_id": "1:69919427385:android:5777e475fbe82b024df6e8",
        "android_client_info": {
          "package_name": "cl.ipvg.susanamontero"
        }
      },
      "oauth_client": [],
      "api_key": [
        {
          "current_key": "AIzaSyAXECn0mWSW8gMSk9nCVf1Arvlslu33QDA"
        }
      ],
      "services": {
        "appinvite_service": {
          "other_platform_oauth_client": []
        }
      }
    }
  ],
  "configuration_version": "1"
}